"0","summary(datos) "
"1",""
"1","      AÑO      "
"1"," CÓDIGO_MUNICIPIO"
"1","     MUNICIPIO    "
"1"," CÓDIGO_DEPARTAMENTO"
"1","
"
"1"," Min.   :2011  "
"1"," Min.   :    0   "
"1"," Length   :15707  "
"1"," Min.   : 0.00      "
"1","
"
"1"," 1st Qu.:2014  "
"1"," 1st Qu.:15676   "
"1"," N.unique : 1038  "
"1"," 1st Qu.:15.00      "
"1","
"
"1"," Median :2017  "
"1"," Median :25839   "
"1"," N.blank  :    0  "
"1"," Median :25.00      "
"1","
"
"1"," Mean   :2017  "
"1"," Mean   :38690   "
"1"," Min.nchar:    3  "
"1"," Mean   :38.26      "
"1","
"
"1"," 3rd Qu.:2021  "
"1"," 3rd Qu.:66572   "
"1"," Max.nchar:   27  "
"1"," 3rd Qu.:66.00      "
"1","
"
"1"," Max.   :2024  "
"1"," Max.   :99773   "
"1","                  "
"1"," Max.   :99.00      "
"1","
"
"1",""
"1","    DEPARTAMENTO  "
"1","   CÓDIGO_ETC   "
"1","        ETC       "
"1","   POBLACIÓN_5_16 "
"1","
"
"1"," Length   :15707  "
"1"," Min.   :    0  "
"1"," Length   :15707  "
"1"," Length   :15707  "
"1","
"
"1"," N.unique :   36  "
"1"," 1st Qu.: 3769  "
"1"," N.unique :  100  "
"1"," N.unique : 8885  "
"1","
"
"1"," N.blank  :    0  "
"1"," Median : 3785  "
"1"," N.blank  :    0  "
"1"," N.blank  :    6  "
"1","
"
"1"," Min.nchar:    4  "
"1"," Mean   : 3563  "
"1"," Min.nchar:    4  "
"1"," Min.nchar:    0  "
"1","
"
"1"," Max.nchar:   56  "
"1"," 3rd Qu.: 3805  "
"1"," Max.nchar:   62  "
"1"," Max.nchar:    9  "
"1","
"
"1","                  "
"1"," Max.   :10930  "
"1","                  "
"1","                  "
"1","
"
"1",""
"1"," TASA_MATRICULACIÓN_5_16"
"1","   COBERTURA_NETA "
"1"," COBERTURA_NETA_TRANSICIÓN"
"1","
"
"1"," Length   :15707        "
"1"," Length   :15707  "
"1"," Length   :15707          "
"1","
"
"1"," N.unique : 5995        "
"1"," N.unique : 5490  "
"1"," N.unique : 5176          "
"1","
"
"1"," N.blank  :  115        "
"1"," N.blank  :  111  "
"1"," N.blank  :   52          "
"1","
"
"1"," Min.nchar:    0        "
"1"," Min.nchar:    0  "
"1"," Min.nchar:    0          "
"1","
"
"1"," Max.nchar:    7        "
"1"," Max.nchar:    7  "
"1"," Max.nchar:    7          "
"1","
"
"1","                        "
"1","                  "
"1","                          "
"1","
"
"1",""
"1"," COBERTURA_NETA_PRIMARIA"
"1"," COBERTURA_NETA_SECUNDARIA"
"1"," COBERTURA_NETA_MEDIA"
"1","
"
"1"," Length   :15707        "
"1"," Length   :15707          "
"1"," Length   :15707     "
"1","
"
"1"," N.unique : 5466        "
"1"," N.unique : 5773          "
"1"," N.unique : 5223     "
"1","
"
"1"," N.blank  :   91        "
"1"," N.blank  :   94          "
"1"," N.blank  :   93     "
"1","
"
"1"," Min.nchar:    0        "
"1"," Min.nchar:    0          "
"1"," Min.nchar:    0     "
"1","
"
"1"," Max.nchar:    7        "
"1"," Max.nchar:    7          "
"1"," Max.nchar:    7     "
"1","
"
"1","                        "
"1","                          "
"1","                     "
"1","
"
"1",""
"1","  COBERTURA_BRUTA "
"1"," COBERTURA_BRUTA_TRANSICIÓN"
"1"," COBERTURA_BRUTA_PRIMARIA"
"1","
"
"1"," Length   :15707  "
"1"," Length   :15707           "
"1"," Length   :15707         "
"1","
"
"1"," N.unique : 6404  "
"1"," N.unique : 6521           "
"1"," N.unique : 6814         "
"1","
"
"1"," N.blank  :   68  "
"1"," N.blank  :   97           "
"1"," N.blank  :   81         "
"1","
"
"1"," Min.nchar:    0  "
"1"," Min.nchar:    0           "
"1"," Min.nchar:    0         "
"1","
"
"1"," Max.nchar:    7  "
"1"," Max.nchar:    7           "
"1"," Max.nchar:    7         "
"1","
"
"1","                  "
"1","                           "
"1","                         "
"1","
"
"1",""
"1"," COBERTURA_BRUTA_SECUNDARIA"
"1"," COBERTURA_BRUTA_MEDIA"
"1"," TAMAÑO_PROMEDIO_DE_GRUPO"
"1","
"
"1"," Length   :15707           "
"1"," Length   :15707      "
"1"," Length   :15707         "
"1","
"
"1"," N.unique : 7034           "
"1"," N.unique : 6934      "
"1"," N.unique : 4233         "
"1","
"
"1"," N.blank  :   88           "
"1"," N.blank  :  127      "
"1"," N.blank  : 8135         "
"1","
"
"1"," Min.nchar:    0           "
"1"," Min.nchar:    0      "
"1"," Min.nchar:    0         "
"1","
"
"1"," Max.nchar:    7           "
"1"," Max.nchar:    7      "
"1"," Max.nchar:    7         "
"1","
"
"1","                           "
"1","                      "
"1","                         "
"1","
"
"1",""
"1"," SEDES_CONECTADAS_A_INTERNET"
"1","     DESERCIÓN    "
"1"," DESERCIÓN_TRANSICIÓN"
"1","
"
"1"," Length   :15707            "
"1"," Length   :15707  "
"1"," Length   :15707     "
"1","
"
"1"," N.unique : 1403            "
"1"," N.unique : 1091  "
"1"," N.unique : 1180     "
"1","
"
"1"," N.blank  : 7939            "
"1"," N.blank  :  142  "
"1"," N.blank  :  903     "
"1","
"
"1"," Min.nchar:    0            "
"1"," Min.nchar:    0  "
"1"," Min.nchar:    0     "
"1","
"
"1"," Max.nchar:    6            "
"1"," Max.nchar:    7  "
"1"," Max.nchar:    7     "
"1","
"
"1","                            "
"1","                  "
"1","                     "
"1","
"
"1",""
"1"," DESERCIÓN_PRIMARIA"
"1"," DESERCIÓN_SECUNDARIA"
"1","  DESERCIÓN_MEDIA "
"1","     APROBACIÓN   "
"1","
"
"1"," Length   :15707   "
"1"," Length   :15707     "
"1"," Length   :15707  "
"1"," Length   :15707  "
"1","
"
"1"," N.unique : 1005   "
"1"," N.unique : 1434     "
"1"," N.unique : 1207  "
"1"," N.unique : 2137  "
"1","
"
"1"," N.blank  :  242   "
"1"," N.blank  :  270     "
"1"," N.blank  :  734  "
"1"," N.blank  :   25  "
"1","
"
"1"," Min.nchar:    0   "
"1"," Min.nchar:    0     "
"1"," Min.nchar:    0  "
"1"," Min.nchar:    0  "
"1","
"
"1"," Max.nchar:    7   "
"1"," Max.nchar:    7     "
"1"," Max.nchar:    7  "
"1"," Max.nchar:    7  "
"1","
"
"1","                   "
"1","                     "
"1","                  "
"1","                  "
"1","
"
"1",""
"1"," APROBACIÓN_TRANSICIÓN"
"1"," APROBACIÓN_PRIMARIA"
"1"," APROBACIÓN_SECUNDARIA"
"1","  APROBACIÓN_MEDIA"
"1","
"
"1"," Length   :15707      "
"1"," Length   :15707    "
"1"," Length   :15707      "
"1"," Length   :15707  "
"1","
"
"1"," N.unique :  678      "
"1"," N.unique : 1999    "
"1"," N.unique : 2933      "
"1"," N.unique : 2212  "
"1","
"
"1"," N.blank  :   93      "
"1"," N.blank  :   25    "
"1"," N.blank  :   54      "
"1"," N.blank  :  101  "
"1","
"
"1"," Min.nchar:    0      "
"1"," Min.nchar:    0    "
"1"," Min.nchar:    0      "
"1"," Min.nchar:    0  "
"1","
"
"1"," Max.nchar:    7      "
"1"," Max.nchar:    7    "
"1"," Max.nchar:    7      "
"1"," Max.nchar:    7  "
"1","
"
"1","                      "
"1","                    "
"1","                      "
"1","                  "
"1","
"
"1",""
"1","    REPROBACIÓN   "
"1"," REPROBACIÓN_TRANSICIÓN"
"1"," REPROBACIÓN_PRIMARIA"
"1","
"
"1"," Length   :15707  "
"1"," Length   :15707       "
"1"," Length   :15707     "
"1","
"
"1"," N.unique : 1581  "
"1"," N.unique :  678       "
"1"," N.unique : 1507     "
"1","
"
"1"," N.blank  :   86  "
"1"," N.blank  :   93       "
"1"," N.blank  :   97     "
"1","
"
"1"," Min.nchar:    0  "
"1"," Min.nchar:    0       "
"1"," Min.nchar:    0     "
"1","
"
"1"," Max.nchar:    7  "
"1"," Max.nchar:    7       "
"1"," Max.nchar:    7     "
"1","
"
"1","                  "
"1","                       "
"1","                     "
"1","
"
"1",""
"1"," REPROBACIÓN_SECUNDARIA"
"1"," REPROBACIÓN_MEDIA"
"1","     REPITENCIA   "
"1"," REPITENCIA_TRANSICIÓN"
"1","
"
"1"," Length   :15707       "
"1"," Length   :15707  "
"1"," Length   :15707  "
"1"," Length   :15707      "
"1","
"
"1"," N.unique : 2239       "
"1"," N.unique : 1618  "
"1"," N.unique : 1487  "
"1"," N.unique : 1011      "
"1","
"
"1"," N.blank  :  106       "
"1"," N.blank  :  145  "
"1"," N.blank  :  143  "
"1"," N.blank  :  159      "
"1","
"
"1"," Min.nchar:    0       "
"1"," Min.nchar:    0  "
"1"," Min.nchar:    0  "
"1"," Min.nchar:    0      "
"1","
"
"1"," Max.nchar:    7       "
"1"," Max.nchar:    7  "
"1"," Max.nchar:    7  "
"1"," Max.nchar:    7      "
"1","
"
"1","                       "
"1","                  "
"1","                  "
"1","                      "
"1","
"
"1",""
"1"," REPITENCIA_PRIMARIA"
"1"," REPITENCIA_SECUNDARIA"
"1","  REPITENCIA_MEDIA"
"1","
"
"1"," Length   :15707    "
"1"," Length   :15707      "
"1"," Length   :15707  "
"1","
"
"1"," N.unique : 1607    "
"1"," N.unique : 1884      "
"1"," N.unique :  999  "
"1","
"
"1"," N.blank  :  148    "
"1"," N.blank  :  152      "
"1"," N.blank  :  139  "
"1","
"
"1"," Min.nchar:    0    "
"1"," Min.nchar:    0      "
"1"," Min.nchar:    0  "
"1","
"
"1"," Max.nchar:    7    "
"1"," Max.nchar:    7      "
"1"," Max.nchar:    7  "
"1","
"
"1","                    "
"1","                      "
"1","                  "
"1","
"
